{"cameraMode":{"drawMode":0,"name":"Shaded","section":"Shading Mode"},"sceneLighting":false,"audioPlay":false,"sceneViewState":{"m_AlwaysRefresh":false,"showFog":false,"showSkybox":false,"showFlares":false,"showImageEffects":false,"showParticleSystems":false,"showVisualEffectGraphs":true,"m_FxEnabled":true},"in2DMode":false,"pivot":{"x":-0.03310269117355347,"y":0.7620871067047119,"z":0.021073848009109498},"rotation":{"x":0.07624398171901703,"y":0.9194389581680298,"z":-0.22238242626190186,"w":0.31523841619491579},"size":1.0969005823135377,"orthographic":false}