{"cameraMode":{"drawMode":0,"name":"Shaded","section":"Shading Mode"},"sceneLighting":true,"audioPlay":false,"sceneViewState":{"m_AlwaysRefresh":false,"showFog":true,"showSkybox":false,"showFlares":true,"showImageEffects":true,"showParticleSystems":true,"showVisualEffectGraphs":true,"m_FxEnabled":true},"in2DMode":false,"pivot":{"x":194.75599670410157,"y":0.4291386604309082,"z":225.56500244140626},"rotation":{"x":0.14675946533679963,"y":0.5459979176521301,"z":-0.0978381335735321,"w":0.8190101385116577},"size":1.1360121965408326,"orthographic":false}