{"cameraMode":{"drawMode":0,"name":"Shaded","section":"Shading Mode"},"sceneLighting":false,"audioPlay":false,"sceneViewState":{"m_AlwaysRefresh":false,"showFog":false,"showSkybox":false,"showFlares":false,"showImageEffects":false,"showParticleSystems":false,"showVisualEffectGraphs":true,"m_FxEnabled":true},"in2DMode":false,"pivot":{"x":0.043679893016815189,"y":0.7206137776374817,"z":0.1445046067237854},"rotation":{"x":0.01695968769490719,"y":0.9825505614280701,"z":-0.1142999529838562,"w":0.1457846611738205},"size":1.4326421022415162,"orthographic":false}