{"cameraMode":{"drawMode":0,"name":"Shaded","section":"Shading Mode"},"sceneLighting":false,"audioPlay":false,"sceneViewState":{"m_AlwaysRefresh":false,"showFog":false,"showSkybox":false,"showFlares":false,"showImageEffects":false,"showParticleSystems":false,"showVisualEffectGraphs":true,"m_FxEnabled":true},"in2DMode":false,"pivot":{"x":0.06048840284347534,"y":0.8691834211349487,"z":0.004426538944244385},"rotation":{"x":0.010065882466733456,"y":0.9873481392860413,"z":-0.07003068923950196,"w":0.14195923507213593},"size":1.6324859857559205,"orthographic":false}